Latitudes,Longitudes,City
-66.74050474146456,-168.60951215491178,vaini
-89.23961085325291,175.29308511170098,bluff
-78.18382877629742,-147.89076925399377,mataura
47.70971644163279,-20.948026509181545,praia da vitoria
31.174525397238924,-40.80070550070863,ribeira grande
36.04745045402632,31.035125806687148,kumluca
-26.96260858613534,-166.08853984054272,avarua
11.335655162787916,104.78494030765881,ta khmau
74.43128872858398,1.4761627576184537,roald
71.63264954958294,-41.144053825961436,tasiilaq
65.39256725271812,96.54303941677489,baykit
-42.95878560224235,-22.00334824548986,arraial do cabo
-58.608468258949976,16.543179981211466,bredasdorp
-17.65039044077905,115.41893377063349,karratha
-87.18987914008292,-121.63014259147744,punta arenas
-82.59047281045981,61.303380334998735,taolanaro
-88.56196020344805,151.06833092717073,bluff
-75.47997616893754,26.161341631907874,bredasdorp
36.32821442108603,-98.72928332693886,woodward
3.3560289407230073,-118.07118754628159,san patricio
31.24572497418049,-58.644081257300826,saint george
57.12203440366139,-155.59569668406024,kodiak
-40.270962337865285,106.92020999967309,busselton
-2.829038889600895,82.39515715094166,matara
70.65271200414108,117.83206172929715,saskylakh
-26.473738902193823,-84.8687858622549,coquimbo
-17.899283664026342,7.820789753080334,namibe
28.401723068083896,78.96163658764999,bisauli
32.79204776389233,20.090261800145527,tukrah
70.90627199799451,-90.05476344460764,thompson
87.52509125383693,-43.116385882308435,upernavik
31.065243286374283,-126.16258239376559,lompoc
-15.745699600487313,-141.23151112468,atuona
-20.272097229220932,-104.18110714491772,puerto ayora
-31.54811287816736,116.3046394034206,northam
-55.68936232798797,-76.72789764895994,punta arenas
-11.366390351978197,-29.88737570893153,sao jose da coroa grande
44.63735910903233,-166.40059072525196,bethel
-38.120379641516614,162.8062687405514,te anau
-52.72707605608921,128.47766956728043,mount gambier
15.304897132836302,-131.79681851672024,guerrero negro
82.26237635453711,92.0938711031875,talnakh
-74.13481730712817,7.077011563637569,hermanus
7.060309448138568,32.883893471554586,gambela
-45.87461231521712,71.6683141537597,souillac
-29.981137206347775,121.55754455360017,esperance
-34.985598389552024,144.92151310867257,deniliquin
11.518675964408061,35.00329698044996,galgani
38.404865962494114,66.13576820417151,koson
72.18479108225671,-128.75827200094332,tuktoyaktuk
-46.93621596705165,9.784625799864358,cape town
75.18955597582081,-121.01364989718368,norman wells
-8.226157057201931,-87.06700342992087,paita
-88.62839251162413,-167.44324344606045,mataura
75.62844928678086,-51.65545665037308,upernavik
-80.16830986152597,93.47570625482786,albany
30.750515688105494,112.18708486758896,shashi
31.466079339921833,-3.8225722856069524,mrirt
-54.459258282484,47.65187839672373,umzimvubu
36.83666362059515,-89.08314752796167,union city
-64.25667193992646,-120.43161624027637,rikitea
-7.824093255989155,-39.09995680441145,salgueiro
-43.233777466311786,-51.63829659540164,mar del plata
5.738356230789961,98.45671882640846,langsa
14.012575941826213,-4.459207403704255,djenne
-25.621566248908152,-40.407663318847824,arraial do cabo
65.34879144207957,71.45165631801879,nadym
28.276345171232393,29.733810729724894,matay
-5.678558702046132,-154.0792589955828,faanui
43.38636813432146,-70.99478804792271,milton
85.64240611501481,-171.5361896911753,mys shmidta
37.0813517444503,30.653561212961478,antalya
64.77188517514327,-127.15161793516202,norman wells
28.670519595408066,-164.9271258777526,kapaa
-56.6321586372059,99.82642851278422,busselton
-3.089013454442437,81.51478826668648,hithadhoo
-52.71036642235477,21.434587074183185,bredasdorp
-64.19619250729134,-126.58263971966201,rikitea
-49.15183557741435,-37.58756504406077,chuy
-37.2420405311839,-157.48871254402766,avera
-50.14534578397055,-117.93395606263311,rikitea
87.78455900080309,-165.7950205624234,barrow
48.8239403602729,-17.741876854221005,dingle
-82.30817389787964,-163.1345596982259,mataura
54.2518454681896,173.3914243782839,nikolskoye
50.888423411218554,102.10782898203308,kyren
81.15473362163314,125.33929033329497,tiksi
-5.5985466696471065,62.062919332295024,victoria
16.857485047335516,10.351734153793473,agadez
33.47535259331359,-155.5238683780317,kapaa
33.6293557861098,51.17450884409823,kashan
-45.71570989979342,-68.81240126699731,comodoro rivadavia
-62.919529744541634,58.88906204710193,taolanaro
16.95783614040323,-140.6714799719456,hilo
-55.01945408044875,-148.0445865579677,mataura
-29.102983510129683,2.2908469354230476,luderitz
47.38147414779718,174.10139900972655,nikolskoye
70.18679525559168,2.0932992945543845,roald
-33.77683353819619,118.65071226912949,albany
32.51656889578976,82.71683335174663,jumla
-5.590330243693984,-38.5543904773657,jaguaribe
40.05252834553343,125.82690008795305,kuandian
-51.66284421228114,125.0114257973537,esperance
42.090367153163385,175.7711977557869,nikolskoye
0.8930684249939844,144.7839021850558,lorengau
66.54844138552491,-44.322274604183974,qaqortoq
26.693623852411008,53.62596271751326,gerash
-3.9810441173812734,177.00028397708354,lolua
-5.195408088249977,-24.322242093937405,georgetown
9.045111657891809,-107.96185909638683,coahuayana
23.01318407802603,-165.31976211625926,kapaa
42.27479199798026,148.43663172818356,sentyabrskiy
73.68180304653708,75.43781615076753,dikson
31.3336493017202,88.86168922582448,lasa
-27.862236589464032,16.50774880241346,oranjemund
3.7195218113519246,-117.90491626973751,san patricio
85.15667917288485,-0.5415804440635554,barentsburg
-15.786158716517136,-173.84750267304577,hihifo
14.165735000052408,-11.354780201575238,kayes
-11.713203231468924,-157.3260525243904,faanui
13.909636518009833,14.487987416705835,mao
1.332637432510495,-94.3541980509125,puerto ayora
40.31045269002837,111.26652950536027,hohhot
5.67110913005439,-9.767017263405108,buchanan
19.342366342943677,-66.96245376672682,isabela
1.1844449831950215,67.60766694574653,thinadhoo
-21.625268941101666,-29.81246894345628,caravelas
-77.08272559345856,88.99948807443104,busselton
77.11930887194745,-75.09504375317009,qaanaaq
-28.42275396623411,142.6222326188808,broken hill
30.452859557111964,5.343867973835245,warqla
62.97535602107445,13.270657798306274,ostersund
87.49851929918606,102.91312595757796,khatanga
-76.01335529255883,9.021307356795518,hermanus
-74.91267844068862,-100.45631445733576,punta arenas
-40.3909193833804,122.60907014021285,esperance
-72.62453928056703,-41.301408699675164,ushuaia
-27.94577706105604,91.23706677748947,carnarvon
19.3774121717654,120.07398173568066,davila
76.24705900877768,-35.71667672763607,tasiilaq
-80.30426131590897,-89.77314117761108,punta arenas
57.23444480937957,-48.0563516049597,qaqortoq
-4.272129465565158,-28.0944781436732,cabedelo
75.71284508277279,-6.39371437770356,klaksvik
-23.84347149247992,104.92219906306985,carnarvon
-8.356902349655627,-115.15519132193818,atuona
-77.87802808943609,-77.58006436408823,ushuaia
-71.32034738395328,-87.4045594265234,punta arenas
63.39001549797558,118.30734202188728,nyurba
37.634436419081084,-95.73817285411505,chanute
-31.950377592319832,9.602439627533329,oranjemund
60.753838297973346,-35.78858548071426,tasiilaq
57.84842625040926,-151.68673680336377,kodiak
-20.004888287309143,-24.01224442129177,caravelas
89.69908732304887,42.72723661311059,belushya guba
73.27673802047829,-86.22863700495921,qaanaaq
-43.35954237064348,98.72935636129819,busselton
-12.113482558152512,87.2069264374569,bengkulu
-75.98717223180067,-83.9238770753236,punta arenas
-22.82224991266989,-148.3547091879009,mataura
2.3936650391394068,106.24804038109949,kijang
49.080996496773594,43.92166841179343,ilovlya
-61.74992638686594,-43.71309851755092,ushuaia
84.7004909537907,36.9202779132774,vardo
-54.99050969275031,-7.0877354864152835,cape town
-11.300348647116124,34.57370930096931,mbamba
-70.20429124963849,-121.96725320543233,rikitea
-73.63187621403337,-136.8544745433907,rikitea
34.69082616690825,-7.86668168932664,casablanca
-46.182818098774014,-39.61435406585676,chuy
61.664191011918575,-122.75926970393805,fort nelson
86.40369518798275,121.50851293135747,saskylakh
-14.205239591507748,166.73642847856013,sola
42.766955651362906,-130.97845353948935,north bend
1.5342706344472248,-97.98590492549485,puerto ayora
-74.8040793780763,83.66104863628107,busselton
51.316563504314246,166.1313561228814,nikolskoye
-47.360140479988,-170.4175707512165,vaini
-78.90762251756676,-58.803388831854775,ushuaia
34.37353731351661,-163.0300513797411,kapaa
43.73066888161787,14.675401737847295,zadar
70.28705411689967,163.72881885662258,cherskiy
-13.96716525267388,44.187628728690385,boueni
30.603325399491084,94.83614887477995,along
9.523466101651337,-57.19496607221538,georgetown
23.64846324716136,-177.1130631792328,kapaa
79.61787875682103,154.5067084622459,chokurdakh
-49.44310394651159,11.834054759518978,hermanus
38.126728478012325,74.69799665031118,hunza
0.29066513661786075,135.44547082628378,biak
-72.48110947262073,46.597846856302226,port alfred
-26.255930328974294,-122.57256300809303,rikitea
-80.12417268298009,-72.54428542902885,ushuaia
-16.97388142392407,159.14551266884013,poum
19.99174717151925,114.36316949895007,zhuhai
54.64242825986574,-27.09283497564269,grindavik
-62.39471730897194,119.24740716957092,albany
33.468935551876626,-101.45908217600197,lubbock
-66.02840101497847,8.730826231755401,hermanus
-63.8767184985639,-95.99910667622339,punta arenas
72.85944815421729,-31.14227408621619,illoqqortoormiut
-85.51708736762863,-169.58461919385562,vaini
7.856792211053332,-78.08998105416688,garachine
54.32878407418559,171.23395168784623,nikolskoye
11.32022067750745,-173.6430884852458,kapaa
-41.63599971552672,-25.984998974924594,arraial do cabo
26.587319029494125,-19.790507701160777,los llanos de aridane
2.9006281584259312,-24.407506343003917,bubaque
-36.63321107399664,-102.86282358608338,lebu
-31.238043262271894,-47.111883093474574,laguna
78.01899272067087,146.51323606245984,chokurdakh
-38.783036059412055,-93.46543628447786,lebu
46.17631144340356,-176.689690489326,provideniya
16.183575334084352,-37.90185730419776,ponta do sol
59.71404090049717,132.70328785624076,amga
78.04850169501023,143.27315438211627,chokurdakh
13.387787968341769,165.93202005541156,butaritari
65.2412713544108,-97.95857960896367,thompson
-8.207949695293635,-136.88466757484952,atuona
-46.47822350254628,101.82957290433802,busselton
64.35348738936267,-10.010636984577474,sorvag
-43.36489560800857,-25.98269360679572,arraial do cabo
-1.932854762689118,40.272788888758754,witu
83.8273738563309,44.12838364260381,belushya guba
9.896246057936693,-104.71993887418446,ixtapa
-3.250122501607848,105.3042818208271,palembang
-44.86924364193921,-176.84778537910984,vaini
-88.5485535417403,152.81486776984087,bluff
-80.84528991608411,-161.85873746036606,mataura
51.408616891044346,177.51314986868135,beringovskiy
-12.917471155382984,-94.73173033977012,puerto ayora
-70.73207100856072,-101.47761315203495,punta arenas
-89.4755918800606,-93.7701438811731,punta arenas
38.14196489336027,88.68466881526933,korla
75.72584455152119,-75.18111987310596,qaanaaq
-25.920286060151213,-10.693967344633421,jamestown
37.138888237432454,-109.42919895099334,cortez
-32.4778571294639,179.25287206235203,ruatoria
33.68420957293303,-162.492292850881,kapaa
71.95728831004129,-143.08952634456813,fairbanks
21.132804507384748,-162.64800724350854,kapaa
27.567737196757676,-93.53205766044586,galveston
-11.611983834014268,16.032524295352403,kuito
75.18809943191985,-15.671659823592961,illoqqortoormiut
-76.1555790989261,-146.0396583503316,mataura
-6.369155957236302,176.1105452347109,lolua
40.68038876538989,168.59805921346396,nikolskoye
39.51658065499751,-21.711228961116888,vila franca do campo
-24.34591292178237,-160.37045350848265,avarua
6.774298813374912,-144.62579640162278,hilo
-48.27420084603383,-68.2483777698896,comodoro rivadavia
-85.7223648468518,9.34097331476417,hermanus
21.886960599030274,136.12989514610217,naze
23.718765418402825,49.136080144635514,abu samrah
88.26426231022361,-47.95052532664312,upernavik
19.29644618739684,101.58359696203189,chiang klang
-53.285418861799705,-151.45327847307226,mataura
-72.5869737115867,126.3953711971551,new norfolk
-0.9644507108079097,51.81472476793343,victoria
-47.84456372277688,-0.5807161584973812,cape town
-22.924044531467928,46.202912285622006,ihosy
53.58066466468054,-134.98271462094235,sitka
39.98440128442505,47.91347072687151,imisli
-40.60620302607978,104.95468312303507,busselton
11.515781312544377,-179.94910383286833,kapaa
-25.294883356690534,-46.697130465623104,peruibe
-5.433374185613175,5.645166324785862,gamba
-38.691328285517784,115.69299058446603,albany
58.66892958623802,30.017712735714326,luga
78.2827794693805,56.8191063025306,belushya guba
-31.441781908187558,66.58905270857869,mahebourg
51.55248135105606,-112.37467604137969,drumheller
-6.348313526349045,-96.96561064182492,puerto ayora
56.43409120022045,175.97469633573945,beringovskiy
26.99107858690948,-137.29310178746968,pacific grove
-45.324678090647716,-126.02796560663981,rikitea
63.38740777502059,12.83261893985383,snasa
69.46661649395267,11.946173007561072,sorland
72.9951346844231,-11.517113630656922,husavik
50.84241242940897,114.70238029174266,orlovskiy
-35.719387362326486,52.341064064496805,taolanaro
85.7865843637691,-31.249403425064628,illoqqortoormiut
18.010211528380097,-17.589439727139023,nouakchott
38.1664737954828,42.42841984815118,tatvan
-27.29812913262173,-22.280481166631148,vila velha
-63.78405460950394,-109.67549883923004,punta arenas
-16.577887512106287,-33.89517414484618,belmonte
55.415032114096505,-56.63224817847299,saint anthony
-81.5726661460599,126.91234963994287,new norfolk
-4.775944625011306,-162.74676690632796,samusu
40.69942714491461,-85.23930680805343,bluffton
-71.69500687838023,-97.44061991145783,punta arenas
-20.267429909460617,-124.71092276549456,rikitea
-7.212069888035202,-111.53270348903428,puerto ayora
-83.14736256010677,153.10645368477674,bluff
-64.76540856084401,-159.53311601838988,mataura
56.73645937455936,41.69819562661459,palekh
26.276690541666326,145.70366509729098,katsuura
-89.79463445941002,35.43957995480477,port elizabeth
-89.85203719229405,168.6196011728452,bluff
-11.19502464804711,-59.35131118113344,vilhena
-44.16696077891822,-85.99971954407309,castro
-70.03281037734044,47.387652564226585,port alfred
84.85922334950607,124.32896626882552,tiksi
3.1973846301489317,83.99781763346795,hambantota
-62.53874683014344,30.06595131850716,port elizabeth
-19.557703619276282,24.72135702727695,gweta
-38.658222152809046,-54.17580082086566,mar del plata
-32.73457708634861,-16.759042682214073,jamestown
-19.331430091098,145.67916977557252,ingham
-30.73664799296872,-24.98846545570484,sao joao da barra
-59.4692206136181,-33.89164849405407,mar del plata
69.41738890408647,-174.82223470134622,mys shmidta
20.39287390276084,33.7089172427375,barbar
43.02393506902624,-123.64378215517097,roseburg
-27.57295966346257,-177.4690655777621,vaini
-16.865464648886785,-125.83118719955667,rikitea
11.316255467402883,-96.48794152546608,pochutla
41.62144984447556,136.26441304703184,olga
9.24305837979604,143.48029025457987,airai
-40.935605046936104,78.67670628408172,mahebourg
84.53122616176614,-17.82322744504509,illoqqortoormiut
-86.78592493458228,-89.337564649006,ushuaia
82.60525130003211,-117.37529194514303,norman wells
-52.67947647083314,-0.1636393879493312,cape town
-73.10936725506124,13.126585772832584,hermanus
-66.96872146699404,-128.9418464882895,rikitea
-16.86509079937244,129.8640471303562,kununurra
-21.543937717782143,-140.7220715963238,rikitea
4.592023817562406,138.50586573325262,airai
79.66039483132448,-76.62786166788052,qaanaaq
16.6618114360208,160.39887411926622,butaritari
61.90273977764653,-84.06703160668361,attawapiskat
-40.87527278692682,-22.629444446772908,arraial do cabo
38.569365399982104,44.60052958812045,khoy
41.194466571947714,158.73911482866373,severo-kurilsk
31.32688104968716,119.09218922773056,hutang
82.50190884035763,143.90870545359513,chokurdakh
79.6481928818429,153.09274610144996,chokurdakh
-84.87529758641135,-124.31154021419322,punta arenas
-56.8588214352398,-108.05651887229212,castro
-2.0386568714133375,-5.689409271569218,tabou
49.3438068483716,-75.34550891933551,chapais
-30.084613445972444,133.90037078248417,flinders
73.10054849305138,18.553206501515035,tromso
70.85333560474123,-36.5926410567632,tasiilaq
-76.97767089245299,-109.43229983646518,punta arenas
-81.85875839175733,173.33023766831008,bluff
44.27285943549023,8.505958912906152,savona
25.97775848945001,81.97550946249464,pratapgarh
81.70275540330633,-79.48419591347509,qaanaaq
-54.90718345303388,-142.88331446509562,mataura
-29.819919436934235,61.87166032581928,souillac
-56.90543373079801,-159.73558049170347,mataura
34.89779502861413,113.86181583718854,xinxiang
21.161425250052716,151.03310743762813,katsuura
71.93653771077507,74.11640637210698,pangody
19.873059897710206,143.9604176539895,shimoda
-17.732544985620038,155.28241334201158,mackay
-0.10631885349543779,-131.52691511429956,atuona
-78.67837027447533,169.34401999753646,bluff
86.93206176541088,-10.338712113719083,illoqqortoormiut
40.595425779137514,42.84429130852257,kars
24.987085213140645,-35.19719164609563,ponta do sol
-69.00047481973516,166.4516473781399,bluff
47.296214198441646,-86.8008033468565,marquette
-43.46801333463765,-142.33765616375695,mataura
39.58810828798423,88.76071044925988,korla
89.94912934513488,31.050756591827167,mehamn
-46.29015289863107,45.609043131494076,tsihombe
-37.749997217802715,-134.57410196783513,rikitea
-80.83163886568714,2.1947320074873176,hermanus
53.08147211895809,-73.98446528434128,chapais
-83.21237190122318,28.463677628855407,kruisfontein
56.099252295098154,154.66057190771187,sobolevo
-37.3751126323455,-106.47814524721757,rikitea
82.01545822879805,97.70562147999578,khatanga
-36.51786755653859,74.04481069599697,mahebourg
12.545599090560216,110.1766698638192,tuy hoa
-66.80181657458701,-85.7751092696376,punta arenas
-59.06284119312987,62.435404397216814,taolanaro
86.21434590961212,79.7826821716908,dikson
40.169321710815325,-120.73600308313254,susanville
-32.81274379078787,-167.53314523235792,vaini
46.194766760763486,-120.32792137361429,toppenish
-29.546601997752106,-6.5200237304872815,jamestown
55.763544573967266,89.90164432085453,uzhur
8.601507072122544,-152.75531579794836,hilo
-26.728320842375425,20.845574939022754,bokspits
-11.196961602245352,-56.73984700979267,alta floresta
-42.09214859170621,121.34531529128901,albany
28.97494857792256,53.643541676213914,fasa
32.08147212274791,7.821872368800513,naftah
-83.99118262275216,163.03589238801771,bluff
-60.32564990870952,-37.4594241627683,mar del plata
-63.12557734798594,-42.646643889537245,ushuaia
-4.9520514304452234,-117.63540730618473,atuona
-17.322083111971438,-39.12821804080832,prado
24.373203525785243,-146.25779567171872,hilo
-55.112474766632786,74.12413503355774,souillac
36.21162335972545,-6.159201398038192,conil
-14.634984349375117,-148.01266228267872,tiarei
70.30476378596228,127.46209627798908,tiksi
65.57593263850632,-134.91354491467564,mayo
22.261346453089885,58.077081432683144,ibra
27.716860133876537,40.10510161058443,sakakah
73.16800385177612,115.09526006846585,saskylakh
-78.92161173173601,117.25747756455274,albany
-36.2382066795319,-170.9047423529322,vaini
8.910060616289371,168.00041247581754,butaritari
87.10251927585085,48.53984306144159,belushya guba
-17.38267191179135,-36.98592309160236,prado
6.159922610567762,-46.64936657079622,saint-georges
40.13741177906101,72.33077956138067,kuva
-49.498836112424186,98.25791722705543,busselton
55.4178659979697,-14.313478240820189,westport
73.20575031524814,31.125006248532202,vardo
-33.77466617772762,152.93967493028225,nelson bay
-72.57995052109445,25.45679725627147,bredasdorp
64.54329347965162,6.843909209469871,bud
74.7575688390852,93.12186074607047,talnakh
-15.704838041462054,52.947105302605024,antalaha
65.58469875503206,32.848872835353006,loukhi
9.107741206645073,2.7945572296638375,tchaourou
54.44627431289203,-42.678048387463576,nanortalik
-9.848472911295815,128.0203008448712,atambua
12.93557153168831,-78.14773545279931,nargana
67.23572499611618,-146.44708115914213,fairbanks
-11.195679200719567,-100.23125096921517,puerto ayora
-28.91489990381158,12.535206329786007,luderitz
-4.705255027819675,-131.8306843942097,atuona
-22.351526534083575,65.00285841104022,grand river south east
31.964691693625824,-79.87933752029811,charleston
65.3199901514925,-176.368235083916,egvekinot
86.9538004644399,105.27379119640017,khatanga
-47.6524127702899,-163.58675222530007,avarua
72.05204886666863,45.32940959348656,kamenka
79.49079969085346,-85.53748690778883,qaanaaq
25.405002646688132,60.36453290809084,chabahar
59.20043061504401,62.79164950119059,gari
-46.50078995652509,-11.328852492452853,jamestown
-36.799086909874646,43.59107280173404,tsihombe
68.62819419453976,-6.942511648064112,klaksvik
58.67898630965499,127.28863193036977,tommot
68.63512215915972,-171.61447564617882,lavrentiya
74.14924673088149,130.81021589846296,tiksi
-85.2503751095663,-115.7719033052341,punta arenas
16.160929886216522,145.10858323044914,airai
-61.30867215033835,76.19948417295353,souillac
-84.30791098629393,-29.136403719224916,ushuaia
-50.00061049292084,-70.32190568138354,rio gallegos
-23.855099676070168,-172.05856161031156,vaini
-84.59793756901288,-30.943812554793368,ushuaia
-77.00951461871331,106.27680986449388,albany
-28.67084909022762,58.2075523418749,saint-philippe
36.272576371404355,-28.47758256411754,ribeira grande
23.802619885968028,47.51939308890917,riyadh
-30.25689481146442,144.2602787617721,broken hill
-2.637067280598785,-51.52976180373375,senador jose porfirio
-53.010810557003595,-90.72839952186696,punta arenas
56.96643546728623,-0.2939108688288741,boddam
88.55072719755944,-177.8896832110433,mys shmidta
87.06443743560777,-157.64300813117472,barrow
-78.36217263718052,-154.76574673435746,mataura
81.97834505533805,-128.3204054840513,tuktoyaktuk
10.87501787726822,-25.705922366427927,sao filipe
-87.14407162067087,49.86090607088451,port alfred
-38.13381932457114,-2.4910894993644206,luderitz
59.921856408601286,153.68979806672405,talaya
-88.11959328539307,-99.55377923419368,punta arenas
-5.170138633876022,-31.639066294405126,nisia floresta
82.70044268808962,19.965173725658786,longyearbyen
-74.01827562548553,33.054123672773216,port elizabeth
-53.36626938920072,-77.3633574141931,punta arenas
47.93810377252177,-169.2624433447286,bethel
24.081540796294036,26.875103903797168,asyut
70.72980950524925,169.3248539371064,pevek
45.2307373929479,76.29788548261809,ushtobe
0.3670721799090586,-119.07540669868445,atuona
18.01090930931241,-45.648229556989946,sinnamary
-75.20796677396126,-30.2652457008856,ushuaia
70.54437506470626,-155.64004160218107,barrow
86.63212125674883,-140.99912636457287,tuktoyaktuk
86.0021681197988,-55.925942626540376,upernavik
66.9263707338524,-76.82382483245098,iqaluit
-27.853212651160334,64.1293617449403,mahebourg
-70.95706857335932,136.0493902383712,new norfolk
-5.8622932083908665,58.437278938538526,victoria
-36.03459451228824,-81.43564110304682,lebu
-11.982806893976658,165.11406640915266,lata
-62.767711928473844,96.48297910946286,busselton
84.32663635400277,-162.3328557072522,barrow
28.2613179125033,37.55204466705183,tabuk
-30.448659941021724,17.944697602826636,springbok
61.87170943489957,45.483392452218,dvinskoy
87.86366426874235,110.27651201445235,saskylakh
-61.25480781090508,136.63871557783375,new norfolk
-48.99561154082763,68.79440408077983,saint-philippe
84.24047453441528,-48.59699050423049,upernavik
-17.62544959757787,173.24776317616585,isangel
37.987489953923316,-76.68746247534142,lexington park
71.04122650920434,60.03751456965648,amderma
-43.53113943490377,-122.8178384663416,rikitea
-10.22686642778244,18.381410464655886,camacupa
-69.00170908521157,-88.63830712207188,punta arenas
34.965768406404806,-137.742175130589,fortuna
72.34678313107457,-10.349115516614575,husavik
25.4707855171052,15.13366706735772,marzuq
45.14016892130303,46.48301386454335,komsomolskiy
-67.4421376899148,138.97336710541657,hobart
59.44152896249042,38.43865474522309,sheksna
-77.34425868901121,-53.572096408692985,ushuaia
-57.072770168837735,138.8155664033248,new norfolk
-27.94166129645201,148.82089588749477,roma
-9.195414435493063,103.3665490996624,labuhan
-47.31316684908246,97.85427963485512,busselton
-62.34143952005163,121.63427270686759,albany
86.60917448021561,-90.2587213182306,qaanaaq
-19.827801385660564,13.859074869478718,khorixas
-62.305710982622756,6.0943761758123856,hermanus
-38.79037851191088,132.20551032826216,port lincoln
6.308029605585105,-73.46749425961656,contratacion
-8.404404756131854,5.7577704150634474,mayumba
10.093129454178793,45.15828756827423,berbera
-6.573438442034899,63.95874437938559,victoria
88.32831643792565,-165.8719466848802,barrow
-41.732677735474454,-108.8505596892218,rikitea
10.20482170427347,-24.632649835295922,sao filipe
-43.66663253114584,-16.49458137539861,jamestown
-51.64054440475703,143.7452133684593,new norfolk
51.12844166522302,136.0127606987936,gornyy
72.91485996526143,-15.510280517989997,illoqqortoormiut
7.030485329098255,173.52875713613957,butaritari
17.990357581265002,43.32121877421892,abha
-43.282128459560965,-138.57653230164837,rikitea
14.593253600734855,121.20480519904982,antipolo
-82.88465956826974,-109.87813173984895,punta arenas
-6.885558211440738,41.698594210380264,sokoni
65.03835618846745,58.26446016425922,synya
-57.30646684969009,-115.74327127260189,rikitea
-76.84567702387088,-156.077788938997,mataura
-83.53443172647479,-127.77717293006526,rikitea
-73.33644738945996,-97.38333912703797,punta arenas
-6.121535759307136,-134.55788608386118,atuona
59.194847457075724,-91.82329174725342,thompson
-48.070965924161946,-94.69836667456136,castro
22.735465842436867,-62.62890134325298,the valley
19.92802251650302,35.84322814019578,sinkat
-6.720984447530398,-25.21297510199244,pitimbu
65.10945319676998,-106.631932405161,yellowknife
85.47280129542193,133.84435405889138,nizhneyansk
-40.42911992298527,-173.12364160084581,vaini
76.48866751122077,167.37115714505745,pevek
-2.587415776448566,170.0034651351353,tabiauea
1.4733582141555388,162.46841819434337,buala
11.504390638188184,76.23091386573111,naduvattam
-30.816257132738784,70.16014793095712,bambous virieux
84.8893440216338,88.57492626690504,dikson
5.944740698790639,-111.62402807779534,san patricio
-52.964761788489966,-141.50970862267314,rikitea
-10.501389042593303,45.70180911453647,domoni
-89.07649681612074,73.5134154476338,taolanaro
13.483195454535178,75.99307308638652,kadur
-59.64892170988276,90.62824040503068,busselton
-52.215381068301255,-46.042562743178394,mar del plata
23.10872006728168,42.57979114034555,mecca
-22.225629320820488,-122.9899369706715,rikitea
-17.748915308884776,-83.77720782609565,pisco
1.5585369096987733,92.73878938123664,meulaboh
-2.9184868722629034,69.8029917280841,hithadhoo
-72.65892723387836,-145.7374048377361,mataura
-3.287713127847269,67.31083901622657,hithadhoo
0.7732645019935518,-116.3200216460922,san patricio
11.006931044197444,-159.7380464935077,hilo
-25.858534939491705,-82.73600008484398,coquimbo
-69.71318720805267,61.49881093136136,taolanaro
-53.62108578042163,66.73432001987365,saint-philippe
-85.87654368117089,89.46767878091777,albany
73.09449115415515,143.17127017417135,deputatskiy
62.19235580991429,-154.80068819765924,kenai
-48.037325042027625,162.67682768039674,tuatapere
36.46511168210428,130.66392053394088,hamada
17.99106955544532,103.46770662020128,ban dung
8.292047137283078,-102.46465438897005,acapulco
79.40058629518185,-52.13976462944164,upernavik
-14.761122024503734,35.7807727394092,machinga
-57.06131353049135,88.17300279759331,busselton
68.51087355941269,-130.24760040375455,tuktoyaktuk
52.86835356298653,121.51979887120007,amazar
-33.5070176342146,-109.28654232962877,rikitea
85.6643402084623,-97.01541906335294,qaanaaq
66.94005769311275,-25.87744074269517,bolungarvik
7.133776576130472,-118.99247054925888,cabo san lucas
-17.546050377228866,-20.00744929410166,georgetown
-51.895275264728575,-55.77660773726596,rawson
-84.67376569257702,-114.48457930123027,punta arenas
-16.659163866295458,158.84776827024473,poum
-13.518035617278883,-127.21588140803556,rikitea
45.05491052992173,-156.62875724944735,kodiak
-55.53774076277632,-154.8312524099317,mataura
36.275945724013596,31.945132768694435,alanya
-59.65237791946737,168.8752033269716,bluff
-17.789869771440806,91.65845280148778,bengkulu
-50.421187112681594,69.63621756130217,saint-philippe
27.541848724049416,32.850478875514256,hurghada
4.440040393355915,-101.5662040728271,puerto escondido
80.06487656924102,130.1944123655873,tiksi
-53.38879647372027,-7.548210896601404,cape town
-41.87512154660801,5.914561313548603,cape town
-3.368197430083029,38.38770673667298,wundanyi
-10.71962766962092,176.41510776631344,asau
-23.81267647439526,71.28680001169155,grand river south east
-41.02446504152742,44.07266917390763,tsihombe
-75.05178147105234,-164.93619924113838,mataura
-33.684670201523126,44.86827852432805,tsihombe
32.07784671238528,135.84829783830907,shingu
-46.68862900102909,-0.06125781556548304,cape town
-27.899582320352117,107.79709850023556,carnarvon
-43.97831315437515,89.00857014617515,busselton
-18.749546063921102,-17.700793578961225,georgetown
-28.37412508342439,161.37707661278938,byron bay
38.00320598622713,-37.28938760019389,ribeira grande
-44.91492403353918,-102.75966198311079,castro
38.18170335052281,21.335565072956115,lapas
-63.09171220064841,30.193764480600265,port elizabeth
67.90285043806168,-153.5183814883184,barrow
10.619885129290466,-171.80156977015545,kapaa
45.64994945689074,91.69129105238324,hami
78.95266807739566,-29.368747029381183,illoqqortoormiut
-64.23538081390333,77.89289893605337,souillac
78.84766801943042,-144.44239239248253,aklavik
82.83828421796909,-97.25072549079178,yellowknife
-51.542682630463965,1.3622691748423108,cape town
82.82704282113676,64.30698384031223,amderma
16.40116565776802,-30.888321955911834,ponta do sol
-51.21573622371638,-26.885084333847487,cidreira
-20.796822974400314,153.60751499214837,yeppoon
51.16784534731508,-75.196602993494,chapais
9.79761150183488,-112.35375097272625,san patricio
13.866166292685492,131.8863062952268,san policarpo
-88.7735730457944,-65.29232041345969,ushuaia
3.312725035034049,8.948427518690323,riaba
0.015452221242867381,152.38303450819814,kavieng
51.035990586849636,40.87750787832161,talovaya
-85.62403842369491,-12.150975446027132,hermanus
-89.34839250528812,-49.73164655693185,ushuaia
85.09842649424169,-43.45011093546924,ilulissat
-27.892437022011613,-22.694644005889245,vila velha
56.06692207618869,-170.56660456157775,provideniya
52.81476437568236,123.75384741814514,tahe
-45.62834344153629,7.346177858339217,cape town
-32.86240589226709,107.11384088249412,busselton
36.23380098569841,94.5006328046843,yumen
-26.36572732378744,157.8506904028598,victoria point
-70.57950816758841,101.77619547868778,albany
-86.53990649701439,-43.370983615758234,ushuaia
22.379147150661538,70.11329779103338,jamnagar
-81.30125271231309,-56.20951410045454,ushuaia
77.99167297816288,15.512718451971352,longyearbyen
43.94176649831746,-109.97441097887481,jackson
37.84098604135278,103.95839665661845,baiyin
81.97271828739756,-20.21352759666121,illoqqortoormiut
-81.92064666277565,-38.92479547126342,ushuaia
-36.84468155042316,-43.13507424567558,cidreira
27.520949304249925,170.16867516993392,butaritari
-73.17296675623702,-38.061321035608074,ushuaia
-20.732896917770447,-75.98404277552044,camana
3.547542631651993,-142.7846865753991,atuona
-74.64704306033006,28.30066230437302,kruisfontein
-44.18687196624907,-72.1673212945392,coihaique
-28.658561521877267,42.19365331478494,beloha
26.344846634352166,-111.60413091346099,loreto
-53.85305034427338,-64.57252387669415,ushuaia
-30.2402158130972,-66.18294187230543,la rioja
-81.43813933054567,-158.57389099436128,mataura
43.07017212401527,-63.03518928523205,halifax
-19.86441964679649,103.78520486134119,carnarvon
-68.09195111209168,136.56925324427817,new norfolk
-16.496178597429918,-5.140638641542154,jamestown
5.569365717027949,-116.8565731219806,san patricio
-5.355308290982492,-89.33768862181634,san cristobal
-45.42984512760939,-115.04948249683297,rikitea
-14.418667227283322,35.6483237455636,mangochi
-54.13478135849667,-66.79890266632005,ushuaia
-46.153822973654805,141.7198065903567,new norfolk
52.8110145385063,143.59873600769566,tungor
-12.844172762029771,-127.31122686334902,atuona
38.174610750835825,141.50338052265312,ishinomaki
70.15612937379225,8.82084034434888,sorland
40.71422376156457,74.32367300437377,ozgon
18.179812157127998,126.18470975349408,dicabisagan
-17.454727083814134,68.06367995626655,quatre cocos
-23.52940935826217,40.7880675684317,toliary
-87.39278782396262,-19.977587410379726,ushuaia
-88.7901613577365,-90.29150627927186,ushuaia
-80.48185155031592,88.37606031013149,busselton
-16.23261130843936,-128.70622498926843,rikitea
71.97098266947697,122.72404626555073,zhigansk
59.26449478143448,168.79099244847396,tilichiki
11.360749020373987,150.3867315314115,lorengau
59.07776177820023,-55.951288470531225,nuuk
-18.368341996161305,-110.32818287874522,rikitea
-79.84187279074098,-59.17437426099728,ushuaia
13.16270376607089,-50.93968206188666,iracoubo
-53.54783780442833,-48.71492419404959,mar del plata
66.73819469868721,-101.58513412298795,thompson
-69.82796745204055,-169.8812029151096,vaini
-42.284007676893715,78.85542885362042,mahebourg
45.86681377752558,136.59754636299158,terney
-25.358248969877096,-123.08620154323444,rikitea
75.50070775748188,85.5687940622737,dikson
-33.41924715564164,-107.19737091787896,rikitea
-0.9943220581313739,179.12116630383088,rungata
84.97483093988765,114.69432646953777,saskylakh
-6.791200622677081,-85.07952408393203,paita
-10.90019182574278,-73.6044744209334,mazamari
8.543256448081038,-13.328421133711885,freetown
73.52611436491242,-101.82550226771143,yellowknife
-86.16899025494394,176.13946884666643,bluff
14.42395387261027,85.69285131658938,yarada
4.936415318225713,69.73222482765408,eydhafushi
-58.835215337561706,47.170326946511665,east london
72.02347666513938,155.93371191550506,srednekolymsk
-45.6238304125665,-140.64983455357788,rikitea
3.5198914349884234,136.4192750304801,kloulklubed
13.732301500709866,-79.34248151954907,san andres
-28.812192115882347,155.1481610738988,byron bay
66.48496648716659,103.46311622828921,tura
-49.98331045825058,120.45223324405134,albany
82.99159891602926,-34.728403017245995,tasiilaq
40.676626837504955,-148.51019623815503,kodiak
87.6666880135534,-35.646758019170676,illoqqortoormiut
-75.4226371964281,-54.34127044089264,ushuaia
-73.31849604147082,-52.20851015506345,ushuaia
59.06785501661017,105.20523618900518,yantal
76.39960660622859,-85.43933455013165,qaanaaq
-61.969067304893514,167.4719903732995,bluff
36.62186982554532,89.59771082878837,korla
-84.91037338431609,-149.95417342251932,mataura
-66.80410757789319,22.208660097326714,bredasdorp
-16.206236990435073,-30.98390000377637,belmonte
20.51513962093702,-62.65483275548476,the valley
49.01013870818937,33.22227059455602,pavlysh
-60.467812523309206,133.66321813612387,new norfolk
46.568648741764775,151.1864232054054,sentyabrskiy
58.29607624271375,-130.95693919793553,ketchikan
54.88449366759008,-3.280456207844253,annan
-8.17342016054856,-7.617179724846665,georgetown
-32.22556388514736,140.24729420138038,broken hill
79.27599563007999,27.009181780534135,mehamn
40.016205812037185,155.12533865060783,sentyabrskiy
87.71462224636647,-81.31712621974364,qaanaaq
-10.860073021006428,97.69940611595513,bengkulu
-50.41013309747493,-69.96966523275435,rio gallegos
-17.221990044380902,-112.76874062911048,rikitea
15.543036211942791,-5.725209878683955,sokolo
33.72751149808505,-128.22872645896442,half moon bay
69.11738793758917,108.10709553200013,aykhal
-49.40646507722134,43.2410452609991,umzimvubu
-68.38876699242529,107.03811868985531,albany
34.47904474031935,62.68975615036857,herat
-54.85094372666256,-33.55529062675831,chuy
84.58565488797197,-111.73755867996968,yellowknife
-59.83036910284456,-64.82561731551849,ushuaia
-58.039931677678354,-157.47746662974134,mataura
-88.87158105975529,-18.59997554184477,ushuaia
-13.459665499689606,-171.3399020914578,lufilufi
-63.77895655139179,92.73363479458527,busselton
-54.51824048347814,38.44393366434221,port alfred
-42.91979805599904,-0.31490240257835467,saldanha
29.747494171403858,-124.86234282931079,lompoc
40.91637510901634,-125.90231523442212,eureka
64.9980825809755,117.74417725941362,nyurba
-20.713900542146604,46.40841036327447,ambatofinandrahana
12.086861880828451,-5.798134931633911,koutiala
11.5520688662465,-107.96357630130005,san patricio
-20.180422623016497,67.4680359358241,grand river south east
-76.16844336286343,-38.978005899635605,ushuaia
12.410165004973734,148.86513774314608,lorengau
-1.626361855734757,-147.4803609078162,atuona
-13.233013520841425,-97.39345825417708,puerto ayora
-67.72799598298747,20.68886117765871,bredasdorp
84.15103660832827,126.41266487499684,tiksi
-31.9079424404689,47.02257291219257,tsihombe
-34.008367434654815,37.608648999284895,richards bay
-1.7784101293265593,-25.361757202428038,natal
74.6341531078734,-170.26101951402114,lavrentiya
28.202294907110414,174.83298168706227,butaritari
16.407529645552074,-10.463328941687536,nioro
-78.51959383723151,-95.7322144778013,punta arenas
9.838701909544483,1.7311392203232856,djougou
-78.81884387706599,86.02017960230273,busselton
57.266518757610044,-2.0736273205097575,balmedie
-9.624017846181289,70.2130584244467,hithadhoo
-6.0873466736944835,-32.19862791651565,cabedelo
79.95706974001155,-9.148691685843772,illoqqortoormiut
30.936741458422006,-48.42218288701582,saint george
56.274136397622186,73.5412356988891,kolosovka
-0.25091290997829674,-41.87889908539162,tutoia
14.44049097378607,-26.918897270471376,sao filipe
-81.80015330137553,179.88298569561505,kaitangata
52.18209206921031,44.50779198771954,yekaterinovka
65.09705229353344,82.05421471595452,krasnoselkup
64.86708764472232,124.45797391705918,kysyl-syr
63.51315967675609,159.51705855186964,evensk
81.21688784380129,102.72195640519595,khatanga
-77.05003341398384,-80.43732941499646,ushuaia
-30.494115905405522,95.48759840149671,carnarvon
47.81804540116704,136.4467083162083,mukhen
4.72947720741621,5.810863398733005,yenagoa
-35.331469232005674,38.65394920297828,richards bay
25.88735891305099,-3.622055234359749,taoudenni
-56.60141152966622,-35.028700506518334,mar del plata
-61.78332981264893,-123.88581439938973,rikitea
-52.407244441833896,28.96335549062502,port elizabeth
-65.47146163774605,-163.33390881838946,mataura
70.40515817098171,47.172923046572095,belushya guba
25.816190984666036,-148.15393506078564,hilo
35.91244106454238,-43.52683879044778,torbay
-88.66550043221423,-8.51883930540717,hermanus
-75.72346929217402,-124.74239899421082,rikitea
-28.24907143686989,165.01060157999467,vao
-68.68367951048546,143.5790184950933,hobart
53.935925567804475,40.40049348616964,ukholovo
55.74528810951364,98.35879190421758,kvitok
-15.71631612478619,55.64462225306545,cap malheureux
-43.07562879864057,165.71415872042263,te anau
-57.58018835897412,-141.50681273611514,rikitea
31.85459223209034,-81.35318873725944,richmond hill
-67.52580699616871,-175.88382370728507,vaini
-17.650799786613916,176.91986372933326,isangel
-23.69990894931223,159.4053762747152,poum
-85.7303076820574,64.81506133430659,taolanaro
-85.10444313628477,138.9979655310521,hobart
-63.75316927802173,150.61498247165275,hobart
8.892429055214194,101.25418084426082,pak phanang
1.6919355974416277,127.62267318434374,ternate
-12.158304647686776,12.428034487241575,benguela
-51.086700850993864,-85.188323078142,coihaique
14.956270865302685,33.594737735784406,tambul
-47.54556528998471,-38.78031415961479,chuy
-9.941110189805357,143.57219766944752,daru
-23.6308046626566,86.69748266156108,bengkulu
72.05475089433648,78.85191457444279,dikson
42.38271837022435,-44.16579825662154,torbay
56.61472769670729,-108.7199028873116,meadow lake
-9.816667969920772,5.245581178503443,soyo
8.413177175970276,-156.56672444327245,hilo
41.14799640063407,-83.29817597499711,fostoria
46.224827780247495,-83.21494251023304,blind river
5.851261085766083,-25.344634088346396,sao filipe
74.80223500798496,179.31295101706343,leningradskiy
5.4118410893415785,-153.1295539430378,hilo
72.81683761221387,-1.9534228387055634,klaksvik
70.18684579075304,-102.08644013360309,yellowknife
-11.959174267955973,-140.9111822425702,atuona
53.9269354415724,-144.85814439326154,kodiak
89.02796374260313,136.48502728721962,nizhneyansk
-33.69123105258464,-5.6252787836915275,jamestown
-35.33611261073829,-8.463535264442271,jamestown
87.62059795539761,-80.83139090453331,qaanaaq
-23.360171814115617,161.3347845553203,koumac
-55.846297760089975,-127.29037897896043,rikitea
57.91826433706794,13.829395481355448,falkoping
-52.697561014009935,-129.74763312231522,rikitea
24.59979668890621,103.47673662240112,miyang
78.6509957558454,67.01614390423876,amderma
-49.29662605200326,163.82845148069163,tuatapere
-69.44243236628537,-179.43838266650445,vaini
11.364670526878342,-129.02119470486883,constitucion
7.117099314398203,149.32073106380875,lorengau
67.17218712968946,-66.99432197860155,pangnirtung
-21.908629037249767,3.376011225344996,jamestown
-27.743377004976793,23.753332452406937,kuruman
-43.87076678007093,-164.01656579959962,avarua
-61.0546348603135,-81.69591494921642,punta arenas
-27.719088022238758,-132.98369613277808,rikitea
-2.5699533818877427,49.133727983014296,mogadishu
-83.8984112838351,94.76715228563768,albany
63.632748906106,-49.23003904181249,paamiut
-52.95555511457494,54.40500991914257,taolanaro
-73.28497214580864,-83.89872806431923,punta arenas
-70.58668160188006,-80.27242259592998,punta arenas
85.60397122612369,-63.82931159208435,narsaq
22.610188136726805,-134.09415958300522,lompoc
-77.62219796613091,53.79077236329698,east london
41.485475994880545,-154.82995320679714,kodiak
-3.222544898639896,-21.766322023620546,georgetown
-68.57230322260384,-81.35585478335501,punta arenas
6.208346357880416,13.025805353298693,tibati
1.4722566246553015,-145.2059282902234,atuona
-51.827958448028724,60.168692177240644,taolanaro
56.02686213115706,142.38435471436793,okha
65.19031843213838,-152.76188273693634,kenai
-42.84966443293053,-53.428362640483854,mar del plata
-63.74930005875004,-161.98523833614178,mataura
16.149839389296204,122.17036747312306,minuri
-82.67638635079034,116.42323642286618,albany
84.46751303832568,-157.01192884494571,barrow
43.350571899878446,2.8008142688522355,narbonne
13.469981006402847,-15.21268283214917,kuntaur
50.17699898292551,-10.019926006358645,skibbereen
-38.434149834320344,-38.69862811254174,cidreira
-63.52323224169618,-126.31243623488464,rikitea
25.230572204350565,-3.2117783130326814,taoudenni
43.29377721615694,-21.745945739284082,vila franca do campo
44.22682838121412,-117.7357975793957,baker city
25.12230531685833,-81.8983218314534,key west
-24.325940484527806,-42.36137922557748,saquarema
-11.753718256307351,71.37875282677993,hithadhoo
31.68617629165874,-123.35654564598342,lompoc
-81.75732782901885,-70.70627592606134,ushuaia
2.5180421404317173,-124.84099063978799,atuona
-83.40358057750397,25.035849335468612,bredasdorp
-50.17967470757647,172.3447023788276,kaitangata
-21.422685074361965,170.3755573628672,isangel
-24.27871111632308,130.2923853826568,yulara
51.19808658573089,86.31847238135799,chemal
34.288997902625454,-18.826901609864706,ponta do sol
-69.10837903846404,-64.97977201663589,ushuaia
-28.61876722220734,82.17046597030367,bambous virieux
50.766843853025875,90.99624952434198,kyzyl-mazhalyk
87.74529015115499,15.69477464984061,longyearbyen
52.74700621903966,-164.8433100441494,bethel
41.35381493859171,155.26614033490216,sentyabrskiy
-17.319208781961507,85.68525890024051,hithadhoo
-78.43572747517005,-44.269591325613845,ushuaia
37.93913043923827,-10.918356205735279,cascais
83.95515090398152,-46.12583642550618,upernavik
-23.467192656611104,73.70793524240537,grand river south east
32.432686126967724,132.86450406080417,sukumo
-75.36406677915221,26.322299022598145,bredasdorp
-56.57249163756087,34.1398067292713,port alfred
2.612350067114363,155.31187279838923,kavieng
-49.90720071382777,-149.0217591046686,mataura
-44.950701560916634,-81.27395817883334,castro
-1.4726548924234777,18.688314709505136,inongo
-38.35359626524915,-117.36152837493151,rikitea
2.69027115121186,162.52115519124948,butaritari
70.22317995646318,3.4123115281969376,bud
25.841594726936478,-92.78739011268351,galveston
-13.776547850158977,-149.89754350560196,fare
-19.55962844002414,151.6051787503568,mackay
-69.07418300933432,-27.548525125307464,ushuaia
83.99711825717313,-18.02037313375709,illoqqortoormiut
46.15886733483046,135.97297700860292,vostok
55.650704833973805,-152.20701625307223,kodiak
25.793728707765084,-7.033038375960359,taoudenni
61.6013364234623,5.795491656367545,naustdal
35.224142384470014,-159.67969908589419,kapaa
26.833602759889047,-129.14478672831297,lompoc
49.75676830016158,-135.6970958291488,ketchikan
1.3462146286080952,-108.10213253574638,acapulco
-81.13666460437268,162.36102734032988,bluff
0.9315526294006702,-75.38713762279403,solano
-67.82122791123439,109.74357189482572,albany
-45.7311681307733,0.8407810322826492,cape town
-11.055362504960158,81.02852415299384,hithadhoo
-86.81157848277522,-124.25486044898636,punta arenas
51.40559776375366,-117.97380969174226,revelstoke
53.90430790843132,-141.51014419154686,sitka
-17.020275813465105,-21.738174534783383,georgetown
-71.12394910814564,133.82411113613313,new norfolk
74.55275397197514,57.86731691525671,amderma
63.34186348179725,20.619162917015586,umea
67.20967346538106,-43.43917109944422,tasiilaq
-22.43081124328903,-87.34816024342055,pisco
35.043586372991015,158.13307209538755,sentyabrskiy
-62.70766692260605,-31.467436065464483,mar del plata
63.850597274745525,-16.078562434261812,hofn
-4.485437974747796,55.88469722773115,victoria
-60.981424310273496,-104.53409868498991,punta arenas
-79.1099210715505,-5.613434491076049,hermanus
-48.921289359613716,123.44405469780895,albany
3.246550124861372,140.7924723779164,vanimo
-28.059228128280232,-7.764890804428205,jamestown
52.09194054744779,160.81006664618764,petropavlovsk-kamchatskiy
22.338770132663157,147.37518795994578,katsuura
6.627339486478462,-115.26535283454955,san patricio
-80.95410487797024,141.71269566540735,hobart
-73.94899046054523,-168.96573930191593,vaini
36.21392273038042,169.38339382371953,nikolskoye
-57.955050533387315,75.2260054041748,souillac
56.68071997029119,66.18022332810011,yalutorovsk
-44.845254612031106,-116.63273563288405,rikitea
42.546876811038175,-55.889545883458354,saint-pierre
-45.12836320595589,-88.92255762684431,castro
81.33668144969448,160.19710095939922,cherskiy
-22.970272805454783,107.23954313839215,carnarvon
-4.730204207262631,-59.41696027180048,borba
-53.916599076024184,-136.41089005151073,rikitea
69.45868687266491,156.245938004965,srednekolymsk
34.49476992865081,-176.69982257062802,kapaa
-69.07020537015056,38.695560071634134,port alfred
-3.220708169328475,-81.75176753705215,mancora
15.544045458024414,65.22572414039354,mangrol
11.661288390442465,46.49308536240045,aden
10.514894521971883,-26.316056264849692,sao filipe
7.383421317641066,-45.07166151828929,saint-georges
-1.7418482588916788,-144.0195627075532,atuona
27.72005701693108,110.85606975837936,lengshuijiang
-80.55215593434136,-120.94521398615137,punta arenas
86.81578011528654,96.14994017384595,khatanga
-77.16106243107255,-92.96117019159207,punta arenas
32.22821100279813,-65.3297209263272,hamilton
39.43468144042376,-102.0178831286593,lamar
-36.08296061407899,-4.816612719503183,jamestown
-31.615184805706043,-5.594229195975743,jamestown
-74.24696567095344,8.498559927609591,hermanus
-2.720820913742017,-126.78125741498292,atuona
-61.7765242631848,-175.33925814969362,vaini
42.213345718391906,88.07891147799796,urumqi
60.69707663715653,117.84877259619418,suntar
24.209965837763292,177.15618175422549,butaritari
72.9849631442313,106.06830087144664,khatanga
18.154772750068474,8.242598354056668,arlit
-44.426616173364366,158.5710205683676,te anau
46.98786889918708,134.23210533439186,bikin
49.780375321375885,124.91138289270123,nenjiang
-32.01065534011954,120.50397005429465,esperance
-75.75220183181956,-139.53194120885433,rikitea
68.25354236577292,-32.54699085011134,tasiilaq
31.229800352872047,-67.63182124275758,hamilton
59.39785955108371,148.60106959179404,arman
-54.0089470128,20.435373125447086,bredasdorp
-72.26654760238904,32.72018561542811,port elizabeth
57.82787303358654,-132.8267337913283,juneau
65.64284497311161,159.93857423660228,cherskiy
-31.966841683374142,6.129398140019731,luderitz
69.89403725778578,-149.18700113945184,college
-86.91933900582048,127.78941646039004,new norfolk
-81.66254374887971,-144.84483181689393,mataura
-39.59553841160278,174.92968803879972,waverley
22.430576202116242,124.477267714979,ishigaki
5.705631503654715,52.856854211577655,eyl
-26.852656363319667,87.93941848868997,carnarvon
46.67942580013667,-13.906886708169822,muros
30.76447288196485,13.980645387499294,bani walid
-83.16922086363513,100.18544190814345,albany
-18.374567454123735,16.657384936237094,ondangwa
-31.603368132147565,-76.65123875588837,valparaiso
-74.8148952121658,122.15973368785893,albany
-78.55721410724479,100.46297715914295,albany
-5.619888395634419,-141.62329378528653,atuona
-80.2685270301951,-131.16209725758475,rikitea
53.889015557460965,150.37170277962514,vostok
-36.45444995930776,-33.06602585077806,arraial do cabo
-82.3869150369331,4.605025261939147,hermanus
-59.75624864932546,-103.98094624188244,punta arenas
55.79371739754049,-51.679051736028526,saint anthony
-29.276165335112587,85.67703342094825,carnarvon
-61.762995951734126,26.047062930878553,kruisfontein
3.814313399302563,116.17440237053972,sembakung
-86.46423993672501,57.23947270636481,port alfred
21.81751844985706,142.5841523085587,shimoda
-23.748199414160084,-167.0739041705841,alofi
45.479521286225435,-76.39206516404646,arnprior
11.809761667837122,159.35686317903463,butaritari
26.162995609834468,-143.07762891321062,hilo
-20.80982390064011,-60.47025621310465,mayor pablo lagerenza
-13.692283692366331,51.65527385584568,sambava
-77.77406773717217,-32.23172831816447,ushuaia
73.99014616802796,-158.77642514172663,barrow
-1.7617003977471626,40.28913624430362,witu
-71.29481994964652,111.68415060450445,albany
4.8034403188745785,97.7042142323483,langsa
19.53979457704972,23.10666044219488,faya
75.57376123089563,133.35240303531134,nizhneyansk
19.749894477905244,139.6298036044687,naze
-83.47546038792512,15.305770534419224,bredasdorp
-59.29651983918243,-159.821919824318,mataura
-82.20442383716977,159.055612385732,bluff
79.4315830846416,-28.260824464722447,illoqqortoormiut
77.00078330732916,-67.74483887609783,narsaq
39.36272071154778,146.64214560947937,nemuro
-40.22569225416173,24.05011049086542,plettenberg bay
-63.90992512424556,78.69168430595226,busselton
8.162336817239051,-64.75616962584738,el tigre
40.993222609520075,42.38340974833474,ardahan
-29.458368202878347,-8.486869398992354,jamestown
-19.470153514127247,-51.46121108662385,paranaiba
-63.61449481919982,72.63344207678767,saint-philippe
46.30258323741333,78.24369520463802,ushtobe
-49.612343743974286,113.92700272551491,albany
-17.268745803544093,44.56732009245286,tsiroanomandidy
82.00089430634432,102.60944201941129,khatanga
-72.17522316183934,-156.4934443136962,mataura
32.107933399054076,107.72642611915268,daxian
-73.35488859858596,55.43273235875702,east london
11.313384527465587,-120.45856386208924,cabo san lucas
61.55036574706568,-16.671594194261047,hofn
22.367789785862783,53.30519293596143,abu dhabi
49.597599411344675,124.73942288078837,nenjiang
89.72340702650703,-27.95338996351498,illoqqortoormiut
6.682364668864793,19.47290912197269,dekoa
51.34609660689617,146.09334182223307,katangli
38.378616890202466,-172.780572957299,kapaa
21.76928459154388,-94.12214943132437,vega de alatorre
83.46160297641495,105.74908640762618,khatanga
16.013210706082205,60.393566083167855,salalah
-6.153368933853727,125.47885478347808,atambua
-68.8691351699463,55.416283524345886,taolanaro
-72.02664553125388,-137.22793136989378,rikitea
27.005266533165894,-102.67914918840148,ocampo
41.060444821042154,15.171660071683817,ariano irpino
54.16125794857234,-75.8510750340122,chapais
52.09425927944778,-49.770805891716805,bonavista
86.10578499674267,-93.39063004666114,qaanaaq
24.12798621585719,15.323595009533108,marzuq
73.78793675589503,-140.45066116261114,aklavik
-33.699346048635135,-66.95846201087016,san luis
61.8086298512431,-52.8344926080934,nuuk
85.54707788682893,-5.894409206094366,barentsburg
-49.74876505090402,50.127010823570146,tsihombe
7.675599950780679,-151.7224717067475,hilo
85.0563164120235,-27.49285167890372,illoqqortoormiut
36.415622809507596,-133.65626127175605,fortuna
-86.0613569656864,-100.24929385747043,punta arenas
64.90933290297679,-25.90692216446925,olafsvik
30.43113239658254,-87.7541890850945,fairhope
79.78075641497688,-79.80250042480996,qaanaaq
-21.709740113238723,117.32260805937779,roebourne
-43.90311966253327,-26.959525681003157,arraial do cabo
-74.60456492493081,69.48940126721709,taolanaro
-86.47205228541189,56.59407592611768,port alfred
44.206474786512075,167.0442672531978,nikolskoye
-0.18474282904030304,-42.572949833975144,barreirinhas
62.65264790502167,-51.0653526100526,paamiut
-68.57487946183664,-126.29833505252863,rikitea
28.24953288395328,-144.86229267296238,hilo
83.83181835408766,66.51883937498579,amderma
32.982941802586325,50.665327372513644,faridan
74.19950121734317,-168.539988162527,lavrentiya
-72.89791649701473,113.22986960374021,albany
-41.20146956117104,170.3776466246792,westport
-38.86232879477195,-1.6836392680386325,saldanha
39.490643597420586,-52.73672751742626,saint-pierre
56.37047861769935,-64.67060630620217,havre-saint-pierre
71.14743777049114,77.46528611741644,dikson
2.849095212745368,-132.62876932895642,atuona
-89.98915507581664,-178.06576063119635,vaini
20.164639609997394,-178.62058579025634,kapaa
-65.46615735473269,-135.76900366965455,rikitea
-71.0927417303027,65.31203267719351,taolanaro
-84.85795036558183,-89.56271203424878,punta arenas
-78.66486051149741,-57.49163167311539,ushuaia
-33.6573742258273,-102.183064668835,lebu
73.39169296547774,105.5926438841962,khatanga
7.1333196319327214,163.89132406526613,butaritari
20.13013431367348,28.086873246079563,marawi
-81.02692609138644,34.10198669121928,port elizabeth
42.6192636136893,-90.13864713412718,platteville
-49.516606293746975,138.04513087044535,new norfolk
28.56682692130498,97.76666304326329,tezu
-52.237308245809125,140.4726939664456,new norfolk
61.821899688913874,-6.839565130537721,sandur
59.25428933922166,-55.543211785448136,nuuk
69.37110569459898,-152.78744181854853,barrow
-8.086473962530363,120.75333846673414,ruteng
-13.339851453407817,88.52564129512837,bengkulu
80.44034032592643,130.91206790491026,tiksi
82.61882997224791,103.75516507752837,khatanga
-43.11017934103055,10.720687342295236,cape town
-83.85248558566943,-171.04859892816597,vaini
40.804523454307144,-93.02316677512668,pella
22.009011523085263,-112.63555540726038,todos santos
-79.90932747848301,-31.440285765021628,ushuaia
88.47156133178692,-87.07791450163829,qaanaaq
37.98999799216192,-154.4208989447945,kapaa
89.0729335855952,16.12851409823304,longyearbyen
-86.63246836333161,117.13601487498181,albany
-24.097341607337583,113.028001530214,carnarvon
-24.694446878756622,-52.61114205918703,guaraniacu
33.93475311654514,-88.94033098010857,tupelo
81.2256988332835,136.07093081296523,nizhneyansk
73.28966299600285,141.59996066955972,deputatskiy
18.145537426023296,-131.38302111959064,san quintin
-57.89582783155725,102.12910241191133,busselton
34.914706952134864,114.63009821899641,kaifeng
-83.79825398545647,-137.59596492367223,rikitea
-50.686537014844056,96.52960127857114,busselton
-2.361472329728727,107.19711222129598,manggar
-80.11866060959007,37.87543827549166,port alfred
-75.2612658219951,-75.3069706644191,ushuaia
72.62309717160463,172.78942201321024,komsomolskiy
-12.280620746376655,-122.11432223185906,rikitea
47.89721071103776,-156.79016437737485,kodiak
-16.960698486673692,38.57101130769212,mocuba
43.76647491923089,65.078571195166,tasbuget
42.61534474282624,147.6810642297375,nemuro
47.09982035837754,-149.6871546697992,kodiak
89.68176561314212,133.4039776907871,nizhneyansk
54.39191560507433,-46.40497528007083,nanortalik
-25.851170867718622,-174.8273438961906,vaini
-84.4995983770733,117.00183750623341,albany
-68.92415257502431,-107.72240203522794,punta arenas
-74.63619282240683,153.950992545924,bluff
10.502296340868781,107.56919413716315,vung tau
13.205976836617111,120.65840672589468,mamburao
-28.84747653714941,9.576522157934107,luderitz
